File,Line,Column,Type,Message,Source,Severity,Fixable
"builds/stazher/test-navigator-gkalinin/public/about/istorii-nashih-zhitelej/index.php",100,1,error,"A closing tag is not permitted at the end of a PHP file",PSR2.Files.ClosingTag.NotAllowed,5,1
"builds/stazher/test-navigator-gkalinin/public/about/istorii-nashih-zhitelej/index.php",100,1,error,"Expected 1 newline at end of file; 0 found",PSR2.Files.EndFileNewline.NoneFound,5,1
"builds/stazher/test-navigator-gkalinin/public/about/istorii-nashih-zhitelej/index.php",100,1,error,"Line indented incorrectly; expected 4 spaces, found 0",Generic.WhiteSpace.ScopeIndent.IncorrectExact,5,1
"builds/stazher/test-navigator-gkalinin/public/about/istorii-nashih-zhitelej/index.php",100,1,error,"File must end with a newline character",Generic.Files.EndFileNewline.NotFound,5,1

