File,Line,Column,Type,Message,Source,Severity,Fixable
"builds/stazher/test-navigator-gkalinin/public/local/templates/main/footer.php",1,3,warning,"Inline control structures are discouraged",Generic.ControlStructures.InlineControlStructure.Discouraged,5,1
"builds/stazher/test-navigator-gkalinin/public/local/templates/main/footer.php",1,3,error,"Expected 1 space(s) after IF keyword; 0 found",Squiz.ControlStructures.ControlSignature.SpaceAfterKeyword,5,1
"builds/stazher/test-navigator-gkalinin/public/local/templates/main/footer.php",8,1,warning,"Line exceeds 120 characters; contains 323 characters",Generic.Files.LineLength.TooLong,5,0
"builds/stazher/test-navigator-gkalinin/public/local/templates/main/footer.php",10,1,warning,"Line exceeds 120 characters; contains 321 characters",Generic.Files.LineLength.TooLong,5,0
"builds/stazher/test-navigator-gkalinin/public/local/templates/main/footer.php",12,1,warning,"Line exceeds 120 characters; contains 501 characters",Generic.Files.LineLength.TooLong,5,0
"builds/stazher/test-navigator-gkalinin/public/local/templates/main/footer.php",14,1,warning,"Line exceeds 120 characters; contains 447 characters",Generic.Files.LineLength.TooLong,5,0
"builds/stazher/test-navigator-gkalinin/public/local/templates/main/footer.php",35,1,warning,"Line exceeds 120 characters; contains 122 characters",Generic.Files.LineLength.TooLong,5,0
"builds/stazher/test-navigator-gkalinin/public/local/templates/main/footer.php",38,1,warning,"Line exceeds 120 characters; contains 121 characters",Generic.Files.LineLength.TooLong,5,0
"builds/stazher/test-navigator-gkalinin/public/local/templates/main/footer.php",50,1,warning,"Line exceeds 120 characters; contains 221 characters",Generic.Files.LineLength.TooLong,5,0
"builds/stazher/test-navigator-gkalinin/public/local/templates/main/footer.php",57,1,warning,"Line exceeds 120 characters; contains 1574 characters",Generic.Files.LineLength.TooLong,5,0
"builds/stazher/test-navigator-gkalinin/public/local/templates/main/footer.php",64,1,warning,"Line exceeds 120 characters; contains 238 characters",Generic.Files.LineLength.TooLong,5,0
"builds/stazher/test-navigator-gkalinin/public/local/templates/main/footer.php",66,1,warning,"Line exceeds 120 characters; contains 782 characters",Generic.Files.LineLength.TooLong,5,0
"builds/stazher/test-navigator-gkalinin/public/local/templates/main/footer.php",73,1,warning,"Line exceeds 120 characters; contains 750 characters",Generic.Files.LineLength.TooLong,5,0
"builds/stazher/test-navigator-gkalinin/public/local/templates/main/footer.php",80,1,warning,"Line exceeds 120 characters; contains 1093 characters",Generic.Files.LineLength.TooLong,5,0
"builds/stazher/test-navigator-gkalinin/public/local/templates/main/footer.php",91,1,warning,"Line exceeds 120 characters; contains 377 characters",Generic.Files.LineLength.TooLong,5,0
"builds/stazher/test-navigator-gkalinin/public/local/templates/main/footer.php",107,1,warning,"Line exceeds 120 characters; contains 128 characters",Generic.Files.LineLength.TooLong,5,0
"builds/stazher/test-navigator-gkalinin/public/local/templates/main/footer.php",123,1,warning,"Line exceeds 120 characters; contains 163 characters",Generic.Files.LineLength.TooLong,5,0
"builds/stazher/test-navigator-gkalinin/public/local/templates/main/footer.php",131,1,warning,"Line exceeds 120 characters; contains 452 characters",Generic.Files.LineLength.TooLong,5,0
"builds/stazher/test-navigator-gkalinin/public/local/templates/main/footer.php",140,1,warning,"Line exceeds 120 characters; contains 663 characters",Generic.Files.LineLength.TooLong,5,0
"builds/stazher/test-navigator-gkalinin/public/local/templates/main/footer.php",157,1,warning,"Line exceeds 120 characters; contains 237 characters",Generic.Files.LineLength.TooLong,5,0
"builds/stazher/test-navigator-gkalinin/public/local/templates/main/footer.php",159,1,warning,"Line exceeds 120 characters; contains 252 characters",Generic.Files.LineLength.TooLong,5,0
"builds/stazher/test-navigator-gkalinin/public/local/templates/main/footer.php",161,1,warning,"Line exceeds 120 characters; contains 282 characters",Generic.Files.LineLength.TooLong,5,0
"builds/stazher/test-navigator-gkalinin/public/local/templates/main/footer.php",163,1,warning,"Line exceeds 120 characters; contains 491 characters",Generic.Files.LineLength.TooLong,5,0
"builds/stazher/test-navigator-gkalinin/public/local/templates/main/footer.php",165,1,warning,"Line exceeds 120 characters; contains 497 characters",Generic.Files.LineLength.TooLong,5,0
"builds/stazher/test-navigator-gkalinin/public/local/templates/main/footer.php",167,1,warning,"Line exceeds 120 characters; contains 530 characters",Generic.Files.LineLength.TooLong,5,0
"builds/stazher/test-navigator-gkalinin/public/local/templates/main/footer.php",169,1,warning,"Line exceeds 120 characters; contains 143 characters",Generic.Files.LineLength.TooLong,5,0
"builds/stazher/test-navigator-gkalinin/public/local/templates/main/footer.php",187,1,error,"File must end with a newline character",Generic.Files.EndFileNewline.NotFound,5,1
"builds/stazher/test-navigator-gkalinin/public/local/templates/main/header.php",1,4,warning,"Inline control structures are discouraged",Generic.ControlStructures.InlineControlStructure.Discouraged,5,1
"builds/stazher/test-navigator-gkalinin/public/local/templates/main/header.php",1,4,error,"Expected 1 space(s) after IF keyword; 0 found",Squiz.ControlStructures.ControlSignature.SpaceAfterKeyword,5,1
"builds/stazher/test-navigator-gkalinin/public/local/templates/main/header.php",19,27,error,"Space after opening parenthesis of function call prohibited",PEAR.Functions.FunctionCallSignature.SpaceAfterOpenBracket,5,1
"builds/stazher/test-navigator-gkalinin/public/local/templates/main/header.php",19,27,error,"Space after opening parenthesis of function call prohibited",PSR2.Methods.FunctionCallSignature.SpaceAfterOpenBracket,5,1
"builds/stazher/test-navigator-gkalinin/public/local/templates/main/header.php",20,123,warning,"Line exceeds 120 characters; contains 123 characters",Generic.Files.LineLength.TooLong,5,0
"builds/stazher/test-navigator-gkalinin/public/local/templates/main/header.php",21,130,warning,"Line exceeds 120 characters; contains 130 characters",Generic.Files.LineLength.TooLong,5,0
"builds/stazher/test-navigator-gkalinin/public/local/templates/main/header.php",31,1,warning,"Line exceeds 120 characters; contains 121 characters",Generic.Files.LineLength.TooLong,5,0
"builds/stazher/test-navigator-gkalinin/public/local/templates/main/header.php",33,1,warning,"Line exceeds 120 characters; contains 140 characters",Generic.Files.LineLength.TooLong,5,0
"builds/stazher/test-navigator-gkalinin/public/local/templates/main/header.php",37,1,warning,"Line exceeds 120 characters; contains 137 characters",Generic.Files.LineLength.TooLong,5,0
"builds/stazher/test-navigator-gkalinin/public/local/templates/main/header.php",47,1,warning,"Line exceeds 120 characters; contains 204 characters",Generic.Files.LineLength.TooLong,5,0
"builds/stazher/test-navigator-gkalinin/public/local/templates/main/header.php",48,1,warning,"Line exceeds 120 characters; contains 137 characters",Generic.Files.LineLength.TooLong,5,0
"builds/stazher/test-navigator-gkalinin/public/local/templates/main/header.php",52,1,warning,"Line exceeds 120 characters; contains 130 characters",Generic.Files.LineLength.TooLong,5,0
"builds/stazher/test-navigator-gkalinin/public/local/templates/main/header.php",56,1,warning,"Line exceeds 120 characters; contains 121 characters",Generic.Files.LineLength.TooLong,5,0
"builds/stazher/test-navigator-gkalinin/public/local/templates/main/header.php",58,1,warning,"Line exceeds 120 characters; contains 140 characters",Generic.Files.LineLength.TooLong,5,0
"builds/stazher/test-navigator-gkalinin/public/local/templates/main/header.php",63,1,warning,"Line exceeds 120 characters; contains 122 characters",Generic.Files.LineLength.TooLong,5,0
"builds/stazher/test-navigator-gkalinin/public/local/templates/main/header.php",66,1,warning,"Line exceeds 120 characters; contains 144 characters",Generic.Files.LineLength.TooLong,5,0
"builds/stazher/test-navigator-gkalinin/public/local/templates/main/header.php",67,1,warning,"Line exceeds 120 characters; contains 137 characters",Generic.Files.LineLength.TooLong,5,0
"builds/stazher/test-navigator-gkalinin/public/local/templates/main/header.php",69,1,warning,"Line exceeds 120 characters; contains 123 characters",Generic.Files.LineLength.TooLong,5,0
"builds/stazher/test-navigator-gkalinin/public/local/templates/main/header.php",87,1,warning,"Line exceeds 120 characters; contains 127 characters",Generic.Files.LineLength.TooLong,5,0
"builds/stazher/test-navigator-gkalinin/public/local/templates/main/header.php",91,1,warning,"Line exceeds 120 characters; contains 144 characters",Generic.Files.LineLength.TooLong,5,0
"builds/stazher/test-navigator-gkalinin/public/local/templates/main/header.php",101,1,warning,"Line exceeds 120 characters; contains 135 characters",Generic.Files.LineLength.TooLong,5,0
"builds/stazher/test-navigator-gkalinin/public/local/templates/main/header.php",105,1,warning,"Line exceeds 120 characters; contains 144 characters",Generic.Files.LineLength.TooLong,5,0
"builds/stazher/test-navigator-gkalinin/public/local/templates/main/header.php",112,1,warning,"Line exceeds 120 characters; contains 128 characters",Generic.Files.LineLength.TooLong,5,0
"builds/stazher/test-navigator-gkalinin/public/local/templates/main/header.php",116,1,warning,"Line exceeds 120 characters; contains 144 characters",Generic.Files.LineLength.TooLong,5,0
"builds/stazher/test-navigator-gkalinin/public/local/templates/main/header.php",131,1,warning,"Line exceeds 120 characters; contains 221 characters",Generic.Files.LineLength.TooLong,5,0
"builds/stazher/test-navigator-gkalinin/public/local/templates/main/header.php",138,1,warning,"Line exceeds 120 characters; contains 1574 characters",Generic.Files.LineLength.TooLong,5,0
"builds/stazher/test-navigator-gkalinin/public/local/templates/main/header.php",145,1,warning,"Line exceeds 120 characters; contains 238 characters",Generic.Files.LineLength.TooLong,5,0
"builds/stazher/test-navigator-gkalinin/public/local/templates/main/header.php",147,1,warning,"Line exceeds 120 characters; contains 782 characters",Generic.Files.LineLength.TooLong,5,0
"builds/stazher/test-navigator-gkalinin/public/local/templates/main/header.php",154,1,warning,"Line exceeds 120 characters; contains 750 characters",Generic.Files.LineLength.TooLong,5,0
"builds/stazher/test-navigator-gkalinin/public/local/templates/main/header.php",161,1,warning,"Line exceeds 120 characters; contains 1093 characters",Generic.Files.LineLength.TooLong,5,0
"builds/stazher/test-navigator-gkalinin/public/local/templates/main/header.php",173,1,error,"File must end with a newline character",Generic.Files.EndFileNewline.NotFound,5,1

